{
  "version": 1,
  "author": "Chandana P",
  "editor": "wokwi",
  "parts": [
    { "type": "board-esp32-devkit-c-v4", "id": "esp", "top": -48, "left": -4.76, "attrs": {} },
    {
      "type": "wokwi-photoresistor-sensor",
      "id": "ldr1",
      "top": -92.8,
      "left": -200.8,
      "attrs": {}
    },
    {
      "type": "wokwi-resistor",
      "id": "r1",
      "top": -24.85,
      "left": -124.8,
      "attrs": { "value": "10000" }
    },
    {
      "type": "wokwi-pushbutton-6mm",
      "id": "btn3",
      "top": 93.8,
      "left": -105.6,
      "attrs": { "color": "green", "xray": "1" }
    },
    {
      "type": "wokwi-pushbutton-6mm",
      "id": "btn1",
      "top": 122.6,
      "left": -96,
      "attrs": { "color": "green", "xray": "1" }
    },
    {
      "type": "wokwi-led",
      "id": "led1",
      "top": -109.2,
      "left": 138.2,
      "attrs": { "color": "red" }
    },
    {
      "type": "wokwi-led",
      "id": "led2",
      "top": -109.2,
      "left": 99.8,
      "attrs": { "color": "red" }
    },
    {
      "type": "wokwi-led",
      "id": "led3",
      "top": -80.4,
      "left": 80.6,
      "attrs": { "color": "yellow" }
    },
    {
      "type": "wokwi-led",
      "id": "led4",
      "top": -80.4,
      "left": 119,
      "attrs": { "color": "green" }
    },
    { "type": "wokwi-pir-motion-sensor", "id": "pir1", "top": 224.8, "left": -84.18, "attrs": {} },
    {
      "type": "wokwi-buzzer",
      "id": "bz1",
      "top": -45.6,
      "left": 174.6,
      "attrs": { "volume": "0.1" }
    },
    { "type": "wokwi-dht22", "id": "dht1", "top": 19.5, "left": -216.6, "attrs": {} },
    {
      "type": "wokwi-led",
      "id": "led5",
      "top": 121.2,
      "left": 138.2,
      "attrs": { "color": "red" }
    },
    {
      "type": "wokwi-lcd1602",
      "id": "lcd1",
      "top": 217.6,
      "left": 34.4,
      "attrs": { "pins": "i2c" }
    }
  ],
  "connections": [
    [ "esp:TX", "$serialMonitor:RX", "", [] ],
    [ "esp:RX", "$serialMonitor:TX", "", [] ],
    [ "ldr1:VCC", "esp:3V3", "red", [ "h0" ] ],
    [ "ldr1:GND", "esp:GND.1", "black", [ "h-19.2", "v95.6" ] ],
    [ "ldr1:AO", "esp:34", "green", [ "h0" ] ],
    [ "r1:2", "esp:GND.1", "green", [ "v0" ] ],
    [ "r1:1", "ldr1:DO", "green", [ "v0" ] ],
    [ "btn3:2.r", "esp:GND.1", "green", [ "h20", "v38.8" ] ],
    [ "btn1:1.r", "esp:27", "green", [ "v0" ] ],
    [ "btn1:2.r", "esp:GND.1", "green", [ "h0" ] ],
    [ "btn3:1.r", "esp:26", "green", [ "v0" ] ],
    [ "led2:C", "esp:GND.2", "green", [ "v0" ] ],
    [ "led2:A", "esp:18", "green", [ "v0" ] ],
    [ "led1:A", "esp:19", "green", [ "v0" ] ],
    [ "led1:C", "esp:GND.2", "green", [ "v0" ] ],
    [ "led4:A", "esp:5", "green", [ "v0" ] ],
    [ "led4:C", "esp:GND.2", "green", [ "v0" ] ],
    [ "led3:A", "esp:4", "green", [ "v0" ] ],
    [ "led3:C", "esp:GND.2", "green", [ "v0" ] ],
    [ "pir1:VCC", "esp:5V", "red", [ "v0" ] ],
    [ "pir1:GND", "esp:GND.3", "black", [ "v0" ] ],
    [ "pir1:OUT", "esp:14", "green", [ "v0" ] ],
    [ "bz1:2", "esp:12", "green", [ "v0" ] ],
    [ "bz1:1", "esp:GND.3", "green", [ "v0" ] ],
    [ "dht1:VCC", "esp:5V", "red", [ "v0" ] ],
    [ "dht1:GND", "esp:GND.3", "black", [ "v0" ] ],
    [ "dht1:SDA", "esp:13", "green", [ "v0" ] ],
    [ "led5:C", "esp:GND.3", "green", [ "v0" ] ],
    [ "led5:A", "esp:23", "green", [ "v0" ] ],
    [ "lcd1:VCC", "esp:5V", "red", [ "h0" ] ],
    [ "lcd1:GND", "esp:GND.3", "black", [ "h0" ] ],
    [ "lcd1:SDA", "esp:21", "green", [ "h0" ] ],
    [ "lcd1:SCL", "esp:22", "green", [ "h0" ] ]
  ],
  "dependencies": {}
}